{
  "_id": "6895c527e2516b7395a5ec8c",
  "id": "0d2370fb-4757-47d9-9c72-0f89036f7f70",
  "resourceType": "Patient",
  "meta": {
    "lastUpdated": "2025-08-08T09:36:39.665Z",
    "profile": [
      "http://nictiz.nl/fhir/StructureDefinition/nl-core-Patient"
    ],
    "security": [],
    "tag": [],
    "_id": "6895c527e2516b7395a5ec8d",
    "versionId": "1"
  },
  "contained": [],
  "extension": [
    {
      "url": "http://hl7.org/fhir/StructureDefinition/patient-nationality",
      "extension": [
        {
          "url": "period",
          "valueCodeableConcept": {
            "coding": [
              {
                "system": "http://decor.nictiz.nl/fhir/ValueSet/2.16.840.1.113883.2.4.3.11.60.40.2.7.6.3--20200901000000",
                "code": "NL",
                "display": "Nederlands"
              }
            ]
          }
        },
        {
          "url": "period",
          "valuePeriod": {
            "start": "1985-03-15"
          }
        }
      ]
    }
  ],
  "modifierExtension": [],
  "identifier": [
    {
      "system": "http://fhir.nl/fhir/NamingSystem/bsn",
      "value": "178945123",
      "type": {
        "coding": [
          {
            "system": "http://terminology.hl7.org/CodeSystem/v2-0203",
            "code": "SB",
            "display": "Social Beneficiary Identifier"
          }
        ]
      }
    },
    {
      "system": "http://example-hospital.nl/patient-ids",
      "value": "P001234567",
      "type": {
        "coding": [
          {
            "system": "http://terminology.hl7.org/CodeSystem/v2-0203",
            "code": "MR",
            "display": "Medical record number"
          }
        ]
      }
    }
  ],
  "tags": [],
  "active": true,
  "name": [
    {
      "use": "official",
      "family": "Jansen",
      "given": [
        "Marieke"
      ],
      "prefix": [
        "Dr."
      ],
      "_family": {
        "extension": [
          {
            "url": "http://hl7.org/fhir/StructureDefinition/humanname-own-name",
            "valueString": "Jansen"
          }
        ]
      },
      "_given": [
        {
          "extension": [
            {
              "url": "http://hl7.org/fhir/StructureDefinition/iso21090-EN-qualifier",
              "valueCode": "CL"
            }
          ]
        },
        {
          "extension": [
            {
              "url": "http://hl7.org/fhir/StructureDefinition/iso21090-EN-qualifier",
              "valueCode": "CL"
            }
          ]
        }
      ],
      "text": "Mw. Marieke Jansen"
    },
    {
      "use": "usual",
      "given": [
        "Marieke"
      ],
      "family": "Jansen",
      "text": "Marieke Jansen"
    }
  ],
  "telecom": [
    {
      "system": "phone",
      "value": "+31 20 1234567",
      "use": "home",
      "extension": [
        {
          "url": "http://nictiz.nl/fhir/StructureDefinition/ext-CodeSpecification",
          "valueCodeableConcept": {
            "coding": [
              {
                "system": "http://decor.nictiz.nl/fhir/ValueSet/2.16.840.1.113883.2.4.3.11.60.40.2.20.6.1--20200901000000",
                "code": "LL",
                "display": "Vast telefoonnummer"
              }
            ]
          }
        }
      ]
    },
    {
      "system": "phone",
      "value": "+31 6 12345678",
      "use": "mobile",
      "extension": [
        {
          "url": "http://nictiz.nl/fhir/StructureDefinition/ext-CodeSpecification",
          "valueCodeableConcept": {
            "coding": [
              {
                "system": "http://decor.nictiz.nl/fhir/ValueSet/2.16.840.1.113883.2.4.3.11.60.40.2.20.6.1--20200901000000",
                "code": "MC",
                "display": "Mobiel telefoonnummer"
              }
            ]
          }
        }
      ]
    },
    {
      "system": "email",
      "value": "anna.vandermeer@email.nl",
      "use": "home"
    },
    {
      "system": "email",
      "value": "a.vandermeer@work.nl",
      "use": "work"
    }
  ],
  "gender": "female",
  "_gender": {
    "extension": [
      {
        "url": "http://nictiz.nl/fhir/StructureDefinition/ext-CodeSpecification",
        "valueCodeableConcept": {
          "coding": [
            {
              "system": "http://decor.nictiz.nl/fhir/ValueSet/2.16.840.1.113883.2.4.3.11.60.40.2.0.1.1--20200901000000",
              "code": "F",
              "display": "Vrouw"
            }
          ]
        }
      }
    ]
  },
  "birthDate": "1967-08-09",
  "deceasedBoolean": false,
  "address": [
    {
      "use": "home",
      "type": "both",
      "line": [
        "Kerkstraat 25"
      ],
      "city": "Amsterdam",
      "postalCode": "1012 AB",
      "country": "NL",
      "extension": [
        {
          "url": "http://nictiz.nl/fhir/StructureDefinition/ext-AddressInformation.AddressType",
          "valueCodeableConcept": {
            "coding": [
              {
                "system": "http://decor.nictiz.nl/fhir/ValueSet/2.16.840.1.113883.2.4.3.11.60.40.2.20.5.3--20200901000000",
                "code": "HP",
                "display": "Officieel adres"
              }
            ]
          }
        }
      ],
      "_line": [
        {
          "extension": [
            {
              "url": "http://hl7.org/fhir/StructureDefinition/iso21090-ADXP-streetName",
              "valueString": "Kerkstraat"
            },
            {
              "url": "http://hl7.org/fhir/StructureDefinition/iso21090-ADXP-houseNumber",
              "valueString": "25"
            }
          ]
        }
      ]
    },
    {
      "use": "work",
      "type": "physical",
      "line": [
        "Hoofdweg 123"
      ],
      "city": "Utrecht",
      "postalCode": "3501 DB",
      "country": "NL",
      "extension": [
        {
          "url": "http://nictiz.nl/fhir/StructureDefinition/ext-AddressInformation.AddressType",
          "valueCodeableConcept": {
            "coding": [
              {
                "system": "http://decor.nictiz.nl/fhir/ValueSet/2.16.840.1.113883.2.4.3.11.60.40.2.20.5.3--20200901000000",
                "code": "WP",
                "display": "Werkadres"
              }
            ]
          }
        }
      ]
    }
  ],
  "maritalStatus": {
    "coding": [
      {
        "system": "http://decor.nictiz.nl/fhir/ValueSet/2.16.840.1.113883.2.4.3.11.60.40.2.7.9.1--20200901000000",
        "code": "M",
        "display": "Gehuwd"
      }
    ]
  },
  "multipleBirthBoolean": false,
  "photo": [
    {
      "contentType": "image/jpeg",
      "url": "https://example.com/patient-photos/anna-vandermeer.jpg",
      "title": "Anna van der Meer"
    }
  ],
  "contact": [
    {
      "relationship": [
        {
          "coding": [
            {
              "system": "http://decor.nictiz.nl/fhir/ValueSet/2.16.840.1.113883.2.4.3.11.60.40.2.3.1.1--20200901000000",
              "code": "DOMPART",
              "display": "Echtgenoot"
            }
          ]
        }
      ],
      "name": {
        "use": "official",
        "family": "van der Meer",
        "given": [
          "Johannes",
          "Petrus"
        ],
        "text": "Johannes Petrus van der Meer",
        "_family": {
          "extension": [
            {
              "url": "http://hl7.org/fhir/StructureDefinition/humanname-own-name",
              "valueString": "Meer"
            },
            {
              "url": "http://hl7.org/fhir/StructureDefinition/humanname-own-prefix",
              "valueString": "van der"
            }
          ]
        }
      },
      "telecom": [
        {
          "system": "phone",
          "value": "+31 6 87654321",
          "use": "mobile"
        },
        {
          "system": "email",
          "value": "johannes.vandermeer@email.nl",
          "use": "home"
        }
      ],
      "address": {
        "use": "home",
        "type": "both",
        "line": [
          "Kerkstraat 25"
        ],
        "city": "Amsterdam",
        "postalCode": "1012 AB",
        "country": "NL"
      },
      "gender": "male",
      "period": {
        "start": "2010-06-15"
      }
    }
  ],
  "generalPractitioner": [
    {
      "reference": "PractitionerRole/example-gp-role",
      "display": "Dr. J. Smith - Huisarts"
    }
  ],
  "managingOrganization": {
    "reference": "Organization/example-hospital",
    "display": "Amsterdam Medical Center"
  }
}