{
  "_id": "6895c680e2516b7395a5eccc",
  "id": "475a478b-3af0-46bc-9313-6f4154b780e4",
  "resourceType": "PractitionerRole",
  "meta": {
    "lastUpdated": "2025-08-08T09:42:24.422Z",
    "profile": [
      "http://nictiz.nl/fhir/StructureDefinition/nl-core-HealthProfessional-PractitionerRole"
    ],
    "security": [],
    "tag": [],
    "_id": "6895c680e2516b7395a5eccd",
    "versionId": "1"
  },
  "contained": [],
  "extension": [],
  "modifierExtension": [],
  "identifier": [
    {
      "system": "http://example-hospital.nl/practitioner-roles",
      "value": "PR-001234",
      "type": {
        "coding": [
          {
            "system": "http://terminology.hl7.org/CodeSystem/v2-0203",
            "code": "EI",
            "display": "Employee number"
          }
        ]
      }
    }
  ],
  "tags": [],
  "active": true,
  "period": {
    "start": "2020-01-01",
    "end": "2025-12-31"
  },
  "practitioner": {
    "reference": "Practitioner/537538f0-4b7a-465a-906a-e03793074309",
    "display": "Dr. Maria van der Berg"
  },
  "organization": {
    "reference": "Organization/example-dutch-healthcare-provider",
    "display": "Amsterdam Medical Center"
  },
  "code": [
    {
      "coding": [
        {
          "system": "http://snomed.info/sct",
          "code": "143321000146101",
          "display": "Arts voor verstandelijk gehandicapten"
        }
      ],
      "text": "Cardioloog"
    }
  ],
  "specialty": [
    {
      "coding": [
        {
          "system": "http://snomed.info/sct",
          "code": "394579002",
          "display": "Cardiology"
        }
      ],
      "text": "Cardiologie"
    },
    {
      "coding": [
        {
          "system": "http://snomed.info/sct",
          "code": "408466008",
          "display": "Interventional cardiology"
        }
      ],
      "text": "Interventie Cardiologie"
    }
  ],
  "location": [
    {
      "reference": "Location/amc-cardiology-department",
      "display": "AMC Cardiologie Afdeling"
    },
    {
      "reference": "Location/amc-cath-lab-1",
      "display": "AMC Catheterisatie Lab 1"
    }
  ],
  "healthcareService": [
    {
      "reference": "HealthcareService/amc-cardiology-consultation",
      "display": "Cardiologie Polikliniek"
    },
    {
      "reference": "HealthcareService/amc-cardiac-intervention",
      "display": "Cardiale Interventies"
    }
  ],
  "telecom": [
    {
      "system": "phone",
      "value": "+31 20 566 2345",
      "use": "work",
      "extension": [
        {
          "url": "http://nictiz.nl/fhir/StructureDefinition/ext-Comment",
          "valueString": "Direct line to cardiology department"
        }
      ]
    },
    {
      "system": "email",
      "value": "m.vandenberg@amc.nl",
      "use": "work"
    },
    {
      "system": "pager",
      "value": "1234",
      "use": "work"
    }
  ],
  "availableTime": [
    {
      "daysOfWeek": [
        "mon",
        "tue",
        "wed"
      ],
      "availableStartTime": "08:00:00",
      "availableEndTime": "17:00:00"
    },
    {
      "daysOfWeek": [
        "thu"
      ],
      "availableStartTime": "08:00:00",
      "availableEndTime": "12:00:00"
    },
    {
      "daysOfWeek": [
        "fri"
      ],
      "availableStartTime": "13:00:00",
      "availableEndTime": "17:00:00"
    }
  ],
  "notAvailable": [
    {
      "description": "Summer vacation",
      "during": {
        "start": "2025-07-15",
        "end": "2025-08-15"
      }
    },
    {
      "description": "Medical conference",
      "during": {
        "start": "2025-09-10",
        "end": "2025-09-12"
      }
    }
  ],
  "availabilityExceptions": "Available for emergency consultations outside regular hours via on-call system. Not available during scheduled vacation periods or medical conferences.",
  "endpoint": [
    {
      "reference": "Endpoint/amc-cardiology-scheduling",
      "display": "Cardiology Scheduling System"
    }
  ]
}