{
  "_id": "68b05da3ebcf755912991a0b",
  "id": "29c1eda5-efac-4691-a81d-e8eab5400510",
  "resourceType": "Observation",
  "meta": {
    "versionId": "2",
    "lastUpdated": "2025-08-28T13:46:11.160Z",
    "profile": [
      "http://nictiz.nl/fhir/StructureDefinition/nl-core-BloodPressure"
    ],
    "security": [
      {
        "system": "http://terminology.hl7.org/CodeSystem/v3-Confidentiality",
        "code": "N",
        "display": "normal"
      }
    ],
    "tag": [],
    "_id": "68b05da3ebcf755912991a0c"
  },
  "text": {
    "status": "generated",
    "div": "<div xmlns=\"http://www.w3.org/1999/xhtml\">Bloeddruk: 120/80 mmHg gemeten op 15 oktober 2023</div>"
  },
  "contained": [],
  "extension": [
    {
      "url": "http://hl7.org/fhir/StructureDefinition/observation-bodyPosition",
      "valueCodeableConcept": {
        "coding": [
          {
            "system": "http://snomed.info/sct",
            "code": "33586001",
            "display": "Sitting position"
          }
        ],
        "text": "Zittende houding"
      }
    }
  ],
  "modifierExtension": [],
  "identifier": [
    {
      "system": "http://example.org/bloodpressure-measurements",
      "value": "BP-20231015-001"
    }
  ],
  "basedOn": [
    {
      "reference": "ServiceRequest/bp-monitoring-request",
      "display": "Bloeddruk monitoring verzoek"
    }
  ],
  "status": "final",
  "category": [
    {
      "coding": [
        {
          "system": "http://terminology.hl7.org/CodeSystem/observation-category",
          "code": "vital-signs",
          "display": "Vital Signs"
        }
      ]
    }
  ],
  "code": {
    "coding": [
      {
        "system": "http://loinc.org",
        "code": "85354-9",
        "display": "Blood pressure panel with all children optional"
      }
    ],
    "text": "Bloeddruk"
  },
  "subject": {
    "reference": "Patient/be318855-fa73-40d0-a541-e4dd717f5c0a",
    "display": "Martijn Schimmel"
  },
  "encounter": {
    "reference": "Encounter/consultation-20231015",
    "display": "Huisartsenconsult 15 oktober 2023"
  },
  "effectiveDateTime": "2023-10-15T14:30:00+02:00",
  "issued": "2023-10-15T14:35:00+02:00",
  "performer": [
    {
      "reference": "Practitioner/huisarts-jansen",
      "display": "Dr. P. Jansen, Huisarts"
    }
  ],
  "bodySite": {
    "coding": [
      {
        "system": "http://snomed.info/sct",
        "code": "368209003",
        "display": "structuur van rechter bovenbeen"
      }
    ],
    "text": "Rechter bovenarm"
  },
  "method": {
    "coding": [
      {
        "system": "http://snomed.info/sct",
        "code": "22762002",
        "display": "non-invasief"
      }
    ],
    "text": "Niet-invasieve meting"
  },
  "device": {
    "reference": "Device/bloodpressure-monitor-001",
    "display": "Omron M6 bloeddrukmeter"
  },
  "component": [
    {
      "code": {
        "coding": [
          {
            "system": "http://snomed.info/sct",
            "code": "6797001",
            "display": "Systolic blood pressure"
          }
        ],
        "text": "Systolische bloeddruk"
      },
      "valueQuantity": {
        "value": 120,
        "unit": "mmHg",
        "system": "http://unitsofmeasure.org",
        "code": "mm[Hg]"
      }
    },
    {
      "code": {
        "coding": [
          {
            "system": "http://snomed.info/sct",
            "code": "6797001",
            "display": "Diastolic blood pressure"
          }
        ],
        "text": "Diastolische bloeddruk"
      },
      "valueQuantity": {
        "value": 80,
        "unit": "mmHg",
        "system": "http://unitsofmeasure.org",
        "code": "mm[Hg]"
      }
    }
  ],
  "note": [
    {
      "text": "Patiënt was ontspannen tijdens de meting. Geen medicatie ingenomen voorafgaand aan de meting."
    }
  ]
}