{
  "_id": "68a442e2323b3c47209aa24c",
  "id": "6f6355c1-d5c1-466b-8d09-b1e464ee929c",
  "resourceType": "Encounter",
  "meta": {
    "versionId": "1",
    "lastUpdated": "2025-08-19T09:24:50.302Z",
    "profile": [
      "http://nictiz.nl/fhir/StructureDefinition/nl-core-Encounter"
    ],
    "security": [
      {
        "system": "http://terminology.hl7.org/CodeSystem/v3-Confidentiality",
        "code": "N",
        "display": "normal"
      }
    ],
    "tag": [],
    "_id": "68a442e2323b3c47209aa24d"
  },
  "text": {
    "status": "generated",
    "div": "<div xmlns=\"http://www.w3.org/1999/xhtml\"><p><b>Generated Narrative</b></p><p>Patient consultation for hypertension follow-up at Amsterdam Medical Center</p></div>"
  },
  "contained": [],
  "extension": [],
  "modifierExtension": [],
  "identifier": [
    {
      "use": "usual",
      "system": "http://hospital.amsterdam.nl/encounter-id",
      "value": "ENC-2025-001234"
    }
  ],
  "status": "finished",
  "class": {
    "system": "http://terminology.hl7.org/CodeSystem/v3-ActCode",
    "code": "AMB",
    "display": "ambulatory"
  },
  "type": [
    {
      "coding": [
        {
          "system": "http://snomed.info/sct",
          "code": "ADMS",
          "display": "Annual diabetes mellitus screening"
        }
      ]
    }
  ],
  "priority": {
    "coding": [
      {
        "system": "http://terminology.hl7.org/CodeSystem/v3-ActPriority",
        "code": "R",
        "display": "routine"
      }
    ]
  },
  "subject": {
    "reference": "Patient/be318855-fa73-40d0-a541-e4dd717f5c0a",
    "display": "Jan de Vries"
  },
  "participant": [
    {
      "type": [
        {
          "coding": [
            {
              "system": "http://terminology.hl7.org/CodeSystem/v3-ParticipationType",
              "code": "ATND",
              "display": "attender"
            }
          ]
        }
      ],
      "period": {
        "start": "2025-08-07T10:00:00+02:00",
        "end": "2025-08-07T10:30:00+02:00"
      },
      "individual": {
        "reference": "PractitionerRole/practitioner-role-001",
        "display": "Dr. Maria van Dijk, Cardioloog"
      }
    }
  ],
  "period": {
    "start": "2025-08-07T10:00:00+02:00",
    "end": "2025-08-07T10:30:00+02:00"
  },
  "reasonCode": [
    {
      "extension": [
        {
          "url": "http://nictiz.nl/fhir/StructureDefinition/ext-Comment",
          "valueString": "Follow-up voor bloeddrukcontrole na medicatieaanpassing"
        }
      ],
      "text": "Verhoogde bloeddruk bij laatste controle"
    }
  ],
  "diagnosis": [
    {
      "condition": {
        "reference": "Condition/condition-hypertension-001",
        "display": "Essentiële hypertensie"
      },
      "use": {
        "coding": [
          {
            "system": "http://terminology.hl7.org/CodeSystem/diagnosis-role",
            "code": "AD",
            "display": "Admission diagnosis"
          }
        ]
      },
      "rank": 1
    }
  ],
  "account": [
    {
      "reference": "Account/account-001",
      "display": "Zorgverzekering account"
    }
  ],
  "hospitalization": {
    "admitSource": {
      "coding": [
        {
          "system": "http://terminology.hl7.org/CodeSystem/admit-source",
          "code": "OTH",
          "display": "Other"
        }
      ],
      "text": "Polikliniek cardiologie"
    },
    "dischargeDisposition": {
      "coding": [
        {
          "system": "http://terminology.hl7.org/CodeSystem/discharge-disposition",
          "code": "264362003",
          "display": "Thuis"
        }
      ],
      "text": "Naar huis met vervolgafspraak"
    }
  },
  "location": {
    "location": {
      "reference": "Location/location-amsterdam-medical-center",
      "display": "Amsterdam Medical Center, Polikliniek Cardiologie"
    },
    "status": "completed",
    "physicalType": {
      "coding": [
        {
          "system": "http://terminology.hl7.org/CodeSystem/location-physical-type",
          "code": "ro",
          "display": "Room"
        }
      ]
    },
    "period": {
      "start": "2025-08-07T10:00:00+02:00",
      "end": "2025-08-07T10:30:00+02:00"
    }
  },
  "serviceProvider": {
    "reference": "Organization/organization-amsterdam-medical-center",
    "display": "Amsterdam Medical Center"
  }
}