{
  "_id": "6895c6d3e2516b7395a5ecd6",
  "id": "2d72f124-5db4-4252-8d02-e30eb38d908d",
  "resourceType": "Organization",
  "meta": {
    "lastUpdated": "2025-08-08T09:43:47.292Z",
    "profile": [
      "http://nictiz.nl/fhir/StructureDefinition/nl-core-HealthcareProvider-Organization"
    ],
    "security": [],
    "tag": [],
    "_id": "6895c6d3e2516b7395a5ecd7",
    "versionId": "1"
  },
  "contained": [],
  "extension": [],
  "modifierExtension": [],
  "identifier": [
    {
      "system": "http://fhir.nl/fhir/NamingSystem/ura",
      "value": "12345678",
      "type": {
        "coding": [
          {
            "system": "http://terminology.hl7.org/CodeSystem/v2-0203",
            "code": "PRN",
            "display": "Provider number"
          }
        ],
        "text": "URA number"
      }
    },
    {
      "system": "http://fhir.nl/fhir/NamingSystem/agb-z",
      "value": "12345678901",
      "type": {
        "coding": [
          {
            "system": "http://terminology.hl7.org/CodeSystem/v2-0203",
            "code": "PRN",
            "display": "Provider number"
          }
        ],
        "text": "AGB-Z number"
      }
    },
    {
      "system": "http://example.nl/organization-ids",
      "value": "AMC-001",
      "type": {
        "coding": [
          {
            "system": "http://terminology.hl7.org/CodeSystem/v2-0203",
            "code": "XX",
            "display": "Organization identifier"
          }
        ],
        "text": "Internal Organization ID"
      }
    }
  ],
  "tags": [],
  "active": true,
  "type": [
    {
      "coding": [
        {
          "system": "http://decor.nictiz.nl/fhir/ValueSet/2.16.840.1.113883.2.4.3.11.60.40.2.17.2.3--20200901000000",
          "code": "V4",
          "display": "Ziekenhuis"
        }
      ],
      "text": "General Hospital"
    },
    {
      "coding": [
        {
          "system": "http://decor.nictiz.nl/fhir/ValueSet/2.16.840.1.113883.2.4.3.11.60.40.2.17.2.4--20200901000000",
          "code": "H1",
          "display": "Huisartsinstelling"
        }
      ],
      "text": "Cardiology Department"
    }
  ],
  "name": "Amsterdam Medical Center",
  "alias": [
    "AMC",
    "Academisch Medisch Centrum",
    "Academic Medical Center Amsterdam"
  ],
  "telecom": [
    {
      "system": "phone",
      "value": "+31 20 566 9111",
      "use": "work",
      "extension": [
        {
          "url": "http://nictiz.nl/fhir/StructureDefinition/ext-CodeSpecification",
          "valueCodeableConcept": {
            "coding": [
              {
                "system": "http://decor.nictiz.nl/fhir/ValueSet/2.16.840.1.113883.2.4.3.11.60.40.2.20.6.1--20200901000000",
                "code": "LL",
                "display": "Vast telefoonnummer"
              }
            ]
          }
        }
      ]
    },
    {
      "system": "phone",
      "value": "+31 20 566 3333",
      "use": "work",
      "extension": [
        {
          "url": "http://nictiz.nl/fhir/StructureDefinition/ext-Comment",
          "valueString": "Emergency line"
        }
      ]
    },
    {
      "system": "fax",
      "value": "+31 20 566 9999",
      "use": "work"
    },
    {
      "system": "email",
      "value": "info@amc.nl",
      "use": "work"
    },
    {
      "system": "email",
      "value": "appointments@amc.nl",
      "use": "work"
    },
    {
      "system": "url",
      "value": "https://www.amsterdamumc.org",
      "use": "work"
    }
  ],
  "address": [
    {
      "use": "work",
      "type": "both",
      "line": [
        "Meibergdreef 9"
      ],
      "city": "Amsterdam",
      "postalCode": "1105 AZ",
      "country": "NL",
      "extension": [
        {
          "url": "http://nictiz.nl/fhir/StructureDefinition/ext-AddressInformation.AddressType",
          "valueCodeableConcept": {
            "coding": [
              {
                "system": "http://decor.nictiz.nl/fhir/ValueSet/2.16.840.1.113883.2.4.3.11.60.40.2.20.5.3--20200901000000",
                "code": "WP",
                "display": "Werkadres"
              }
            ]
          }
        }
      ],
      "_line": [
        {
          "extension": [
            {
              "url": "http://hl7.org/fhir/StructureDefinition/iso21090-ADXP-streetName",
              "valueString": "Meibergdreef"
            },
            {
              "url": "http://hl7.org/fhir/StructureDefinition/iso21090-ADXP-houseNumber",
              "valueString": "9"
            }
          ]
        }
      ]
    },
    {
      "use": "work",
      "type": "postal",
      "line": [
        "Postbus 22660"
      ],
      "city": "Amsterdam",
      "postalCode": "1100 DD",
      "country": "NL",
      "extension": [
        {
          "url": "http://nictiz.nl/fhir/StructureDefinition/ext-AddressInformation.AddressType",
          "valueCodeableConcept": {
            "coding": [
              {
                "system": "http://decor.nictiz.nl/fhir/ValueSet/2.16.840.1.113883.2.4.3.11.60.40.2.20.5.3--20200901000000",
                "code": "PST",
                "display": "Postadres"
              }
            ]
          }
        }
      ]
    }
  ],
  "partOf": {
    "reference": "Organization/amsterdam-umc-parent",
    "display": "Amsterdam UMC"
  },
  "contact": [
    {
      "purpose": {
        "coding": [
          {
            "system": "http://terminology.hl7.org/CodeSystem/contactentity-type",
            "code": "ADMIN",
            "display": "Administrative"
          }
        ]
      },
      "name": {
        "use": "official",
        "family": "de Jong",
        "given": [
          "Sarah",
          "Elisabeth"
        ],
        "prefix": [
          "Drs."
        ],
        "text": "Drs. Sarah Elisabeth de Jong",
        "_given": [
          {
            "extension": [
              {
                "url": "http://hl7.org/fhir/StructureDefinition/iso21090-EN-qualifier",
                "valueCode": "CL"
              }
            ]
          },
          {
            "extension": [
              {
                "url": "http://hl7.org/fhir/StructureDefinition/iso21090-EN-qualifier",
                "valueCode": "CL"
              }
            ]
          }
        ]
      },
      "telecom": [
        {
          "system": "phone",
          "value": "+31 20 566 1234",
          "use": "work"
        },
        {
          "system": "email",
          "value": "s.dejong@amc.nl",
          "use": "work"
        }
      ],
      "address": {
        "use": "work",
        "type": "physical",
        "line": [
          "Meibergdreef 9, Kamer A1-201"
        ],
        "city": "Amsterdam",
        "postalCode": "1105 AZ",
        "country": "NL",
        "_line": [
          {
            "extension": [
              {
                "url": "http://hl7.org/fhir/StructureDefinition/iso21090-ADXP-streetName",
                "valueString": "Meibergdreef"
              },
              {
                "url": "http://hl7.org/fhir/StructureDefinition/iso21090-ADXP-houseNumber",
                "valueString": "9"
              },
              {
                "url": "http://hl7.org/fhir/StructureDefinition/iso21090-ADXP-buildingNumberSuffix",
                "valueString": "Kamer A1-201"
              }
            ]
          }
        ]
      }
    },
    {
      "purpose": {
        "coding": [
          {
            "system": "http://terminology.hl7.org/CodeSystem/contactentity-type",
            "code": "PATINF",
            "display": "Patient"
          }
        ]
      },
      "name": {
        "use": "official",
        "family": "van Heuven",
        "given": [
          "Peter",
          "Jan"
        ],
        "text": "Peter Jan van Heuven",
        "_family": {
          "extension": [
            {
              "url": "http://hl7.org/fhir/StructureDefinition/humanname-own-name",
              "valueString": "Heuven"
            },
            {
              "url": "http://hl7.org/fhir/StructureDefinition/humanname-own-prefix",
              "valueString": "van"
            }
          ]
        }
      },
      "telecom": [
        {
          "system": "phone",
          "value": "+31 20 566 5555",
          "use": "work"
        },
        {
          "system": "email",
          "value": "patientinfo@amc.nl",
          "use": "work"
        }
      ]
    }
  ],
  "endpoint": [
    {
      "reference": "Endpoint/amc-fhir-endpoint",
      "display": "AMC FHIR R4 Endpoint"
    },
    {
      "reference": "Endpoint/amc-dicom-endpoint",
      "display": "AMC DICOM Endpoint"
    }
  ]
}