{
  "_id": "6895c627e2516b7395a5ecaa",
  "id": "44c73713-b565-4b67-bf83-1ff110c3fad8",
  "resourceType": "Practitioner",
  "meta": {
    "versionId": "1",
    "lastUpdated": "2025-08-08T09:40:55.625Z",
    "profile": [
      "http://nictiz.nl/fhir/StructureDefinition/zib-HealthProfessional-Practitioner"
    ],
    "security": [],
    "tag": [],
    "_id": "6895c627e2516b7395a5ecab"
  },
  "contained": [],
  "extension": [],
  "modifierExtension": [],
  "identifier": [
    {
      "system": "http://fhir.nl/fhir/NamingSystem/big",
      "value": "12345678901",
      "type": {
        "coding": [
          {
            "system": "http://terminology.hl7.org/CodeSystem/v2-0203",
            "code": "PRN",
            "display": "Provider number"
          }
        ]
      }
    },
    {
      "system": "http://fhir.nl/fhir/NamingSystem/uzi-nr-pers",
      "value": "987654321",
      "type": {
        "coding": [
          {
            "system": "http://terminology.hl7.org/CodeSystem/v2-0203",
            "code": "PRN",
            "display": "Provider number"
          }
        ]
      }
    },
    {
      "system": "http://fhir.nl/fhir/NamingSystem/agb-z",
      "value": "03012345",
      "type": {
        "coding": [
          {
            "system": "http://terminology.hl7.org/CodeSystem/v2-0203",
            "code": "PRN",
            "display": "Provider number"
          }
        ]
      }
    }
  ],
  "tags": [],
  "active": true,
  "name": [
    {
      "use": "official",
      "family": "van der Berg",
      "given": [
        "Maria",
        "Elisabeth"
      ],
      "prefix": [
        "Dr."
      ],
      "_family": {
        "extension": [
          {
            "url": "http://hl7.org/fhir/StructureDefinition/humanname-own-name",
            "valueString": "Berg"
          },
          {
            "url": "http://hl7.org/fhir/StructureDefinition/humanname-own-prefix",
            "valueString": "van der"
          }
        ]
      }
    },
    {
      "use": "usual",
      "given": [
        "Maria"
      ],
      "family": "van der Berg"
    }
  ],
  "telecom": [
    {
      "system": "phone",
      "value": "+31 20 1234567",
      "use": "work",
      "extension": [
        {
          "url": "http://nictiz.nl/fhir/StructureDefinition/ext-Comment",
          "valueString": "Main office line"
        }
      ]
    },
    {
      "system": "phone",
      "value": "+31 6 12345678",
      "use": "mobile"
    },
    {
      "system": "email",
      "value": "m.vandenberg@hospital.nl",
      "use": "work"
    },
    {
      "system": "email",
      "value": "maria.berg@gmail.com",
      "use": "home"
    }
  ],
  "address": [
    {
      "use": "work",
      "type": "both",
      "line": [
        "Hoofdstraat 123"
      ],
      "city": "Amsterdam",
      "postalCode": "1012 AB",
      "country": "NL",
      "extension": [
        {
          "url": "http://nictiz.nl/fhir/StructureDefinition/ext-AddressInformation.AddressType",
          "valueCodeableConcept": {
            "coding": [
              {
                "system": "http://hl7.org/fhir/address-type",
                "code": "both",
                "display": "Postal & Physical"
              }
            ]
          }
        }
      ]
    },
    {
      "use": "home",
      "type": "physical",
      "line": [
        "Kerkstraat 45"
      ],
      "city": "Haarlem",
      "postalCode": "2011 CD",
      "country": "NL"
    }
  ],
  "gender": "female",
  "_gender": {
    "extension": [
      {
        "url": "http://nictiz.nl/fhir/StructureDefinition/ext-CodeSpecification",
        "valueCodeableConcept": {
          "coding": [
            {
              "system": "http://decor.nictiz.nl/fhir/ValueSet/2.16.840.1.113883.2.4.3.11.60.40.2.17.1.8--20200901000000",
              "code": "F",
              "display": "Vrouw"
            }
          ]
        }
      }
    ]
  },
  "birthDate": "1975-03-15",
  "photo": [
    {
      "contentType": "image/jpeg",
      "url": "https://example.com/photos/practitioner-12345.jpg",
      "title": "Dr. Maria van der Berg"
    }
  ],
  "qualification": [
    {
      "identifier": [
        {
          "system": "http://example.org/qualification-ids",
          "value": "MD-2001-001"
        }
      ],
      "code": {
        "coding": [
          {
            "system": "http://snomed.info/sct",
            "code": "309343006",
            "display": "Physician"
          }
        ],
        "text": "Doctor of Medicine"
      },
      "period": {
        "start": "2001-06-15"
      },
      "issuer": {
        "display": "University of Amsterdam Medical School"
      }
    },
    {
      "code": {
        "coding": [
          {
            "system": "http://snomed.info/sct",
            "code": "394814009",
            "display": "General practice"
          }
        ],
        "text": "General Practitioner Specialty"
      },
      "period": {
        "start": "2004-09-01"
      },
      "issuer": {
        "display": "Dutch College of General Practitioners"
      }
    }
  ],
  "communication": [
    {
      "coding": [
        {
          "system": "urn:ietf:bcp:47",
          "code": "nl-NL",
          "display": "Dutch (Netherlands)"
        }
      ]
    },
    {
      "coding": [
        {
          "system": "urn:ietf:bcp:47",
          "code": "en-US",
          "display": "English (United States)"
        }
      ]
    },
    {
      "coding": [
        {
          "system": "urn:ietf:bcp:47",
          "code": "de-DE",
          "display": "German (Germany)"
        }
      ]
    }
  ]
}